ACCELEROMETER X (m/s²),ACCELEROMETER Y (m/s²),ACCELEROMETER Z (m/s²),GRAVITY X (m/s²),GRAVITY Y (m/s²),GRAVITY Z (m/s²),GYROSCOPE X (rad/s),GYROSCOPE Y (rad/s),GYROSCOPE Z (rad/s),MAGNETIC FIELD X (μT),MAGNETIC FIELD Y (μT),MAGNETIC FIELD Z (μT),ORIENTATION Z (azimuth °),ORIENTATION X (pitch °),ORIENTATION Y (roll °),LOCATION Latitude : ,LOCATION Longitude : ,LOCATION Altitude ( m),LOCATION Altitude-google ( m),LOCATION Speed ( Kmh),LOCATION Accuracy ( m),LOCATION ORIENTATION (°),Satellites in range,Time since start in ms ,YYYY-MO-DD HH-MI-SS_SSS
-0.5207,0.7219,9.4786,-0.5421,0.4995,9.7789,0.0525,0.0171,-0.011,5.2,18.3,-44.7,352.86,-2.77,3.14,36.81413,-119.74787,263.92,336.7181468372709,0.54,19.35484,88.79,16 / 16,43,2015-10-30 10:28:53:614
-0.5016,0.5423,9.8964,-0.5346,0.5218,9.7782,0.0098,-0.0195,-0.0586,5.1,18.2,-44.7,352.85,-3.03,3.1,36.81413,-119.74787,263.92,336.7181468372709,0.54,19.35484,88.79,16 / 16,145,2015-10-30 10:28:53:716
-0.838,0.4477,9.3398,-0.544,0.5327,9.777,0.0208,-0.011,-0.0929,5.0,18.1,-44.4,352.87,-3.11,3.18,36.81413,-119.74787,263.92,336.7181468372709,0.54,19.35484,88.79,16 / 16,248,2015-10-30 10:28:53:819
-0.8715,0.5136,9.7827,-0.5132,0.5301,9.7789,-0.0281,-0.0892,-0.0134,4.8,18.1,-44.0,352.48,-3.1,3.0,36.81413,-119.74787,263.92,336.7181468372709,0.54,19.35484,88.79,16 / 16,350,2015-10-30 10:28:53:921
-0.6656,0.5411,9.1506,-0.522,0.571,9.7761,0.099,0.1185,0.0489,4.4,18.3,-43.8,354.94,-3.18,2.85,36.81413,-119.74787,263.92,336.7181468372709,0.54,19.35484,88.79,16 / 16,451,2015-10-30 10:28:54:022
-0.844,0.4992,9.3362,-0.5594,0.5598,9.7747,-0.0684,-0.0379,0.0367,4.3,18.3,-44.3,355.83,-3.36,3.25,36.81413,-119.74787,263.92,336.7181468372709,0.54,19.35484,88.79,16 / 16,553,2015-10-30 10:28:54:124
-0.4022,0.5926,9.8988,-0.5144,0.5227,9.7792,-0.0855,-0.0513,0.0464,4.5,18.2,-44.3,352.7,-3.17,3.1,36.81413,-119.74787,263.92,336.7181468372709,0.54,19.35484,88.79,16 / 16,655,2015-10-30 10:28:54:226
-0.5902,0.5255,9.3697,-0.5535,0.4749,9.7795,-0.0428,0.0941,0.0159,4.8,18.2,-44.4,352.7,-2.84,3.14,36.81413,-119.74787,263.92,336.7181468372709,0.54,19.35484,88.79,16 / 16,757,2015-10-30 10:28:54:328
-0.662,0.5794,9.9575,-0.5568,0.4217,9.7817,-0.0806,-0.0122,0.0501,5.2,18.2,-43.9,352.86,-2.46,3.26,36.81413,-119.74787,263.92,336.7181468372709,0.54,19.35484,88.79,16 / 16,860,2015-10-30 10:28:54:431
-0.6129,0.583,9.8833,-0.5494,0.3973,9.7832,-0.0379,-0.0208,0.0037,5.4,18.3,-44.0,352.72,-2.32,3.21,36.81413,-119.74787,263.92,336.7181468372709,0.54,19.35484,88.79,16 / 16,961,2015-10-30 10:28:54:532
-0.5938,0.5507,9.6833,-0.5283,0.4056,9.784,0.0,-0.0171,-0.0098,5.4,18.4,-44.0,352.57,-2.35,3.14,36.81413,-119.74787,263.92,336.7181468372709,0.54,19.35484,88.79,16 / 16,1064,2015-10-30 10:28:54:635
-0.5842,0.5375,9.5876,-0.5079,0.4062,9.7851,-0.0037,-0.0134,0.0,5.3,18.5,-44.1,352.53,-2.36,2.95,36.81413,-119.74787,263.92,336.7181468372709,0.54,19.35484,88.79,16 / 16,1165,2015-10-30 10:28:54:736
-0.723,0.4046,9.9048,-0.4998,0.401,9.7857,0.0061,-0.0061,0.0257,5.2,18.5,-44.0,352.49,-2.36,2.93,36.81413,-119.74787,263.92,336.7181468372709,0.54,19.35484,88.79,16 / 16,1267,2015-10-30 10:28:54:838
-0.4082,0.6093,9.6067,-0.496,0.4074,9.7856,-0.0232,0.0024,-0.0147,5.1,18.5,-44.0,352.56,-2.42,2.96,36.81413,-119.74787,263.92,336.7181468372709,0.54,19.35484,88.79,16 / 16,1369,2015-10-30 10:28:54:940
-0.4573,0.4729,9.4475,-0.5232,0.4205,9.7837,0.0379,0.0391,-0.0379,5.1,18.6,-43.8,352.54,-2.38,2.95,36.81413,-119.74787,263.92,336.7181468372709,0.54,19.35484,88.79,16 / 16,1472,2015-10-30 10:28:55:043
-0.7278,0.346,9.7073,-0.5507,0.3926,9.7833,-0.0305,0.0513,-0.055,4.9,18.7,-43.8,353.08,-2.29,3.22,36.81413,-119.74787,263.92,336.7181468372709,0.54,19.35484,88.79,16 / 16,1573,2015-10-30 10:28:55:144
-0.6213,0.5519,9.5912,-0.5458,0.3755,9.7842,-0.0379,-0.0232,0.0086,4.9,18.9,-43.7,353.12,-2.23,3.25,36.81413,-119.74787,263.92,336.7181468372709,0.54,19.35484,88.79,16 / 16,1675,2015-10-30 10:28:55:246
-0.759,0.4369,9.8641,-0.5155,0.3492,9.7869,-0.0379,-0.0525,-0.0086,4.8,19.0,-43.7,352.77,-2.08,3.1,36.81413,-119.74787,263.92,336.7181468372709,0.54,19.35484,88.79,16 / 16,1777,2015-10-30 10:28:55:348
-0.4908,0.4381,9.8462,-0.5007,0.3541,9.7875,0.0098,-0.0293,0.022,4.8,19.1,-43.6,352.4,-2.07,2.93,36.81413,-119.74787,263.92,336.7181468372709,0.54,19.35484,88.79,16 / 16,1880,2015-10-30 10:28:55:451
-0.5806,0.4513,9.7336,-0.4916,0.3735,9.7872,-0.0098,-0.0147,0.0098,4.7,19.0,-43.8,352.32,-2.18,2.88,36.81413,-119.74787,263.92,336.7181468372709,0.54,19.35484,88.79,16 / 16,1982,2015-10-30 10:28:55:553
-0.5435,0.5686,9.5265,-0.5002,0.3736,9.7868,-0.0281,0.0012,0.0305,4.8,19.0,-43.9,352.37,-2.17,2.9,36.81413,-119.74787,263.92,336.7181468372709,0.54,19.35484,88.79,16 / 16,2083,2015-10-30 10:28:55:654
-0.6369,0.4513,9.9491,-0.5003,0.3742,9.7867,0.0073,-0.0122,0.0171,4.9,19.0,-43.4,352.28,-2.19,2.93,36.81413,-119.74787,263.92,336.7181468372709,0.54,19.35484,88.79,16 / 16,2185,2015-10-30 10:28:55:756
-0.6189,0.4525,9.645,-0.5123,0.4008,9.7851,0.0183,-0.0024,0.0159,4.9,19.0,-43.2,352.46,-2.34,3.0,36.81413,-119.74787,263.92,336.7181468372709,0.54,19.35484,88.79,16 / 16,2287,2015-10-30 10:28:55:858
-0.5183,0.4513,9.6474,-0.5126,0.4223,9.7841,-0.0379,-0.022,0.0391,4.9,18.8,-43.0,352.57,-2.47,3.03,36.81413,-119.74787,263.92,336.7181468372709,0.54,19.35484,88.79,16 / 16,2389,2015-10-30 10:28:55:960
-0.6045,0.4022,9.6415,-0.5065,0.4032,9.7853,0.0049,-0.0024,0.0513,4.9,18.8,-43.3,352.38,-2.37,2.95,36.81413,-119.74787,263.92,336.7181468372709,0.54,19.35484,88.79,16 / 16,2491,2015-10-30 10:28:56:062
-0.5447,0.4956,9.6953,-0.5162,0.3844,9.7855,-0.0061,0.0269,0.0794,5.0,18.8,-43.5,352.49,-2.25,3.02,36.81413,-119.74787,263.92,336.7181468372709,0.54,19.35484,88.79,16 / 16,2594,2015-10-30 10:28:56:165
-0.6393,0.4345,9.6833,-0.5392,0.389,9.7841,-0.0122,0.0489,0.1283,5.1,18.8,-43.5,352.78,-2.24,3.17,36.81413,-119.74787,263.92,336.7181468372709,0.54,19.35484,88.79,16 / 16,2696,2015-10-30 10:28:56:267
-0.644,0.413,9.8114,-0.547,0.3654,9.7846,-0.0452,-0.0024,0.0611,5.5,18.8,-43.3,350.2,-2.12,3.25,36.81413,-119.74787,263.92,336.7181468372709,0.54,19.35484,88.79,16 / 16,2797,2015-10-30 10:28:56:368
-0.5243,0.4369,9.8845,-0.5232,0.381,9.7853,0.0171,-0.0464,0.0513,5.8,18.7,-43.2,350.14,-2.17,3.2,36.81413,-119.74787,263.92,336.7181468372709,0.54,19.35484,88.79,16 / 16,2899,2015-10-30 10:28:56:470
-0.5016,0.4573,9.5373,-0.5174,0.4184,9.784,0.0574,-0.0098,0.0464,6.1,18.4,-43.6,349.51,-2.35,3.03,36.81413,-119.74787,263.92,336.7181468372709,0.54,19.35484,88.79,16 / 16,3002,2015-10-30 10:28:56:573
-0.5866,0.2849,9.7719,-0.5039,0.4526,9.7832,-0.0367,-0.0489,-0.0379,6.1,18.2,-44.0,349.45,-2.65,2.95,36.81413,-119.74787,263.92,336.7181468372709,0.54,19.35484,88.79,16 / 16,3103,2015-10-30 10:28:56:674
-0.565,0.401,9.5984,-0.476,0.4098,9.7865,-0.0232,0.0159,-0.0257,5.9,18.2,-44.5,349.0,-2.39,2.78,36.81413,-119.74787,263.92,336.7181468372709,0.54,19.35484,88.79,16 / 16,3205,2015-10-30 10:28:56:776
-0.5662,0.6201,9.3099,-0.4979,0.3884,9.7863,0.0342,0.0318,0.0134,5.7,18.3,-44.7,349.39,-2.27,2.91,36.81413,-119.74787,263.92,336.7181468372709,0.54,19.35484,88.79,16 / 16,3308,2015-10-30 10:28:56:879
-0.5614,0.5267,9.6857,-0.4925,0.3876,9.7866,-0.0183,0.0012,0.0098,5.7,18.4,-44.6,349.41,-2.27,2.92,36.81413,-119.74787,263.92,336.7181468372709,0.54,19.35484,88.79,16 / 16,3410,2015-10-30 10:28:56:981
-0.4465,0.6404,9.645,-0.4957,0.3777,9.7868,-0.0183,0.0012,0.0134,5.8,18.5,-44.4,349.68,-2.21,2.9,36.81413,-119.74787,263.92,336.7181468372709,0.54,19.35484,88.79,16 / 16,3511,2015-10-30 10:28:57:082
-0.5255,0.5567,9.8857,-0.4911,0.3808,9.7869,-0.011,0.0073,0.0,5.9,18.4,-44.3,349.07,-2.23,2.85,36.81413,-119.74787,263.92,336.7181468372709,0.54,19.35484,88.79,16 / 16,3613,2015-10-30 10:28:57:184
-0.4513,0.5219,9.6606,-0.4883,0.3988,9.7864,0.044,0.0171,0.0086,5.9,18.3,-44.3,348.98,-2.27,2.8,36.81413,-119.74787,263.92,336.7181468372709,0.54,19.35484,88.79,16 / 16,3715,2015-10-30 10:28:57:286
-0.6943,0.3771,9.6714,-0.4973,0.4184,9.7851,0.0147,0.0171,-0.0464,6.0,18.2,-44.2,349.14,-2.42,2.84,36.81413,-119.74787,263.92,336.7181468372709,0.54,19.35484,88.79,16 / 16,3817,2015-10-30 10:28:57:388
-0.5902,0.3603,9.7947,-0.5053,0.4243,9.7844,-0.0159,-0.0318,0.0037,5.9,18.3,-44.2,349.4,-2.48,2.96,36.81413,-119.74787,263.92,336.7181468372709,0.54,19.35484,88.79,16 / 16,3920,2015-10-30 10:28:57:491
-0.5614,0.4812,9.6941,-0.5078,0.4121,9.7848,-0.0391,-0.0269,0.0147,5.9,18.3,-44.2,349.53,-2.47,3.02,36.81413,-119.74787,263.92,336.7181468372709,0.54,19.35484,88.79,16 / 16,4022,2015-10-30 10:28:57:593
-0.31,0.5986,9.6115,-0.4938,0.3885,9.7865,-0.0086,-0.0684,-0.0281,5.9,18.3,-44.0,349.35,-2.24,2.98,36.81413,-119.74787,263.92,336.7181468372709,0.54,19.35484,88.79,16 / 16,4123,2015-10-30 10:28:57:694
-0.5327,0.4166,10.0832,-0.4648,0.3809,9.7882,-0.0012,-0.0037,-0.0367,5.8,18.3,-43.7,348.79,-2.23,2.72,36.81413,-119.74787,263.92,336.7181468372709,0.54,19.35484,88.79,16 / 16,4225,2015-10-30 10:28:57:796
-0.4884,0.4872,9.7492,-0.4755,0.421,9.7861,0.055,0.0464,0.0024,5.8,18.3,-43.7,348.85,-2.38,2.72,36.81413,-119.74787,263.92,336.7181468372709,0.54,19.35484,88.79,16 / 16,4328,2015-10-30 10:28:57:899
-0.4657,0.5674,9.1686,-0.519,0.4839,9.7809,0.044,0.0721,-0.0061,5.7,18.4,-44.0,349.71,-2.83,3.04,36.81413,-119.74787,263.92,336.7181468372709,0.54,19.35484,88.79,16 / 16,4429,2015-10-30 10:28:58:000
-0.7877,0.4477,9.6594,-0.5504,0.4783,9.7795,-0.0342,-0.0159,-0.033,5.7,18.2,-44.2,350.07,-2.84,3.2,36.81413,-119.74787,263.92,336.7181468372709,0.54,19.35484,88.79,16 / 16,4531,2015-10-30 10:28:58:102
-0.6225,0.5614,9.6223,-0.5467,0.4869,9.7793,-0.0171,-0.0024,-0.0122,5.8,18.2,-44.3,350.06,-2.85,3.2,36.81413,-119.74787,263.92,336.7181468372709,0.54,19.35484,88.79,16 / 16,4634,2015-10-30 10:28:58:205
-0.6943,0.5207,9.8952,-0.5758,0.4445,9.7796,0.0159,0.0611,0.0318,5.9,18.2,-44.3,350.02,-2.65,3.21,36.81413,-119.74787,263.92,336.7181468372709,0.54,19.35484,88.79,16 / 16,4735,2015-10-30 10:28:58:306
-0.7638,0.5447,9.8174,-0.6012,0.4154,9.7794,-0.0648,0.022,0.0208,6.1,18.3,-44.5,350.69,-2.53,3.55,36.81413,-119.74787,263.92,336.7181468372709,0.54,19.35484,88.79,16 / 16,4837,2015-10-30 10:28:58:408
-0.729,0.4896,10.003,-0.6014,0.374,9.781,-0.0574,0.0244,0.0611,6.1,18.4,-44.6,350.66,-2.29,3.48,36.81413,-119.74787,263.92,336.7181468372709,0.54,19.35484,88.79,16 / 16,4940,2015-10-30 10:28:58:511
-0.4812,0.5339,9.7468,-0.5742,0.404,9.7815,0.0562,-0.0709,0.0452,6.3,18.5,-44.6,351.06,-2.26,3.46,36.81413,-119.74787,263.92,336.7181468372709,0.54,19.35484,88.79,16 / 16,5041,2015-10-30 10:28:58:612
-0.516,0.5531,9.6103,-0.5475,0.4411,9.7814,0.0281,0.0086,0.0159,6.3,18.4,-44.6,350.18,-2.45,3.24,36.81413,-119.74787,263.92,336.7181468372709,0.54,19.35484,88.79,16 / 16,5144,2015-10-30 10:28:58:715
-0.6859,0.4489,9.736,-0.5298,0.4734,9.7809,0.0232,-0.0098,-0.0037,6.3,18.2,-44.5,349.82,-2.72,3.11,36.81413,-119.74787,263.92,336.7181468372709,0.54,19.35484,88.79,16 / 16,5246,2015-10-30 10:28:58:817
-0.5363,0.5662,9.5457,-0.5319,0.5012,9.7794,0.0403,-0.0049,0.0086,6.2,18.0,-44.8,350.08,-2.93,3.11,36.81413,-119.74787,263.92,336.7181468372709,0.54,19.35484,88.79,16 / 16,5347,2015-10-30 10:28:58:918
-0.6009,0.6333,9.6007,-0.5508,0.508,9.778,-0.033,0.0195,-0.0269,6.2,18.0,-44.6,350.25,-3.03,3.18,36.81413,-119.74787,263.92,336.7181468372709,0.54,19.35484,88.79,16 / 16,5450,2015-10-30 10:28:59:021
-0.6704,0.6261,9.6822,-0.5586,0.4765,9.7791,-0.0403,-0.0024,0.0061,6.1,18.1,-44.2,350.13,-2.82,3.24,36.81413,-119.74787,263.92,336.7181468372709,0.54,19.35484,88.79,16 / 16,5551,2015-10-30 10:28:59:122
-0.7171,0.6261,9.6666,-0.5673,0.4717,9.7789,-0.0244,-0.0232,-0.0061,6.1,18.1,-44.0,350.33,-2.79,3.34,36.81413,-119.74787,263.92,336.7181468372709,0.54,19.35484,88.79,16 / 16,5653,2015-10-30 10:28:59:224
-0.6895,0.559,9.9874,-0.5516,0.4555,9.7805,0.0379,-0.0208,0.0257,6.2,18.1,-44.1,350.06,-2.66,3.23,36.81413,-119.74787,263.92,336.7181468372709,0.54,19.35484,88.79,16 / 16,5756,2015-10-30 10:28:59:327
-0.6009,0.6021,9.7121,-0.563,0.5219,9.7766,0.0611,0.0232,0.0244,6.3,17.9,-44.3,350.17,-2.9,3.24,36.81413,-119.74787,263.92,336.7181468372709,0.54,19.35484,88.79,16 / 16,5857,2015-10-30 10:28:59:428
-0.6129,0.5567,9.6019,-0.5629,0.559,9.7745,0.0599,-0.0257,0.033,6.3,17.9,-43.9,350.49,-3.16,3.35,36.81413,-119.74787,263.92,336.7181468372709,0.54,19.35484,88.79,16 / 16,5960,2015-10-30 10:28:59:531
-0.5854,0.5459,9.7408,-0.546,0.5845,9.774,0.0195,-0.0086,-0.0049,6.3,17.8,-43.8,350.37,-3.4,3.25,36.81413,-119.74787,263.92,336.7181468372709,0.54,19.35484,88.79,16 / 16,6061,2015-10-30 10:28:59:632
-0.5171,0.6847,9.3565,-0.526,0.6017,9.774,-0.0452,-0.0428,-0.0269,6.4,17.6,-44.1,350.25,-3.55,3.17,36.81413,-119.74787,263.92,336.7181468372709,0.54,19.35484,88.79,16 / 16,6163,2015-10-30 10:28:59:734
-0.6548,0.6261,9.8126,-0.4903,0.5381,9.7796,-0.0696,-0.055,-0.0208,6.2,17.6,-44.4,349.87,-3.41,3.01,36.81413,-119.74787,263.92,336.7181468372709,0.54,19.35484,88.79,16 / 16,6266,2015-10-30 10:28:59:837
-0.5866,0.6943,9.8354,-0.5,0.484,9.7819,-0.0318,0.0208,0.011,6.2,17.7,-44.5,349.47,-2.89,2.91,36.81413,-119.74787,263.92,336.7181468372709,0.54,19.35484,88.79,16 / 16,6367,2015-10-30 10:28:59:938
-0.644,0.5902,10.0245,-0.5251,0.4369,9.7828,-0.0819,-0.0159,-0.0428,6.2,18.0,-44.2,349.76,-2.81,3.06,36.81413,-119.74787,263.92,336.7181468372709,0.54,19.35484,88.79,16 / 16,6469,2015-10-30 10:29:00:040
-0.4717,0.6536,9.809,-0.5176,0.4193,9.784,-0.0098,-0.0049,-0.0049,6.2,18.2,-44.1,349.55,-2.45,3.03,36.81413,-119.74787,263.92,336.7181468372709,0.54,19.35484,88.79,16 / 16,6571,2015-10-30 10:29:00:142
-0.6393,0.5387,9.6845,-0.5268,0.4446,9.7824,0.0696,0.022,-0.0049,6.2,18.2,-44.1,349.59,-2.49,3.04,36.81413,-119.74787,263.92,336.7181468372709,0.54,19.35484,88.79,16 / 16,6674,2015-10-30 10:29:00:245
-0.6728,0.4657,9.7025,-0.517,0.4809,9.7812,0.0012,0.0037,-0.0257,6.2,18.2,-44.3,349.71,-2.82,3.04,36.81413,-119.74787,263.92,336.7181468372709,0.54,19.35484,88.79,16 / 16,6775,2015-10-30 10:29:00:346
-0.5866,0.5303,9.3817,-0.5134,0.4678,9.782,-0.0159,-0.011,-0.0098,6.3,18.1,-44.2,349.73,-2.81,3.05,36.81413,-119.74787,263.92,336.7181468372709,0.54,19.35484,88.79,16 / 16,6878,2015-10-30 10:29:00:449
-0.5399,0.4609,9.9084,-0.4977,0.4027,9.7857,-0.0843,-0.0195,-0.0098,6.1,18.1,-44.4,349.36,-2.51,2.93,36.81413,-119.74787,263.92,336.7181468372709,0.54,19.35484,88.79,16 / 16,6980,2015-10-30 10:29:00:551
-0.2861,0.5626,9.7432,-0.4814,0.3514,9.7885,-0.0489,-0.0073,0.011,5.9,18.3,-44.1,349.02,-2.12,2.85,36.81413,-119.74787,263.92,336.7181468372709,0.54,19.35484,88.79,16 / 16,7082,2015-10-30 10:29:00:653
-0.4824,0.4166,9.7205,-0.4745,0.3194,9.79,-0.0342,-0.022,-0.0599,5.7,18.7,-44.0,349.29,-1.87,2.77,36.81413,-119.74787,263.92,336.7181468372709,0.54,19.35484,88.79,16 / 16,7183,2015-10-30 10:29:00:754
-0.5435,0.4274,9.6415,-0.4766,0.304,9.7903,0.0257,0.0086,-0.0134,5.6,18.7,-44.1,349.23,-1.73,2.77,36.81413,-119.74787,263.92,336.7181468372709,0.54,19.35484,88.79,16 / 16,7285,2015-10-30 10:29:00:856
-0.5614,0.3172,9.7695,-0.4526,0.3248,9.7908,0.0183,-0.0293,-0.0318,5.6,18.7,-44.2,349.1,-1.87,2.68,36.81413,-119.74787,263.92,336.7181468372709,0.54,19.35484,88.79,16 / 16,7387,2015-10-30 10:29:00:958
-0.6847,0.3364,9.5301,-0.5238,0.3055,9.7879,-0.0403,0.0403,-0.0098,5.6,18.7,-44.2,349.37,-1.91,2.8,36.81413,-119.74787,263.92,336.7181468372709,0.54,19.35484,88.79,16 / 16,7489,2015-10-30 10:29:01:060
-0.6608,0.255,9.596,-0.5042,0.2691,9.79,-0.0623,-0.0318,-0.0269,5.6,18.9,-43.9,349.54,-1.57,2.95,36.81413,-119.74787,263.92,336.7181468372709,0.54,19.35484,88.79,16 / 16,7591,2015-10-30 10:29:01:162
-0.5997,0.2921,9.9635,-0.5202,0.2361,9.79,-0.0293,0.0305,-0.0037,5.6,19.1,-43.7,349.49,-1.41,2.95,36.81413,-119.74787,263.92,336.7181468372709,0.54,19.35484,88.79,16 / 16,7693,2015-10-30 10:29:01:264
-0.2658,0.5303,9.7648,-0.5897,0.2731,9.7851,0.0623,0.0159,0.0476,5.8,19.1,-43.5,350.3,-1.49,3.4,36.81413,-119.74787,263.92,336.7181468372709,0.54,19.35484,88.79,16 / 16,7796,2015-10-30 10:29:01:367
-0.6009,0.1149,9.5996,-0.5459,0.2659,9.7878,-0.0232,0.033,-0.0794,5.8,19.1,-43.4,350.31,-1.74,3.36,36.81413,-119.74787,263.92,336.7181468372709,0.54,19.35484,88.79,16 / 16,7897,2015-10-30 10:29:01:468
-0.4022,0.3448,10.0688,-0.4131,0.1087,9.7973,-0.0635,-0.1686,0.0098,5.8,19.3,-43.1,348.59,-0.81,2.72,36.81413,-119.74787,263.92,336.7181468372709,0.54,19.35484,88.79,16 / 16,7999,2015-10-30 10:29:01:570
0.3041,0.7039,9.5337,-0.3639,0.167,9.7985,0.0965,0.303,0.0904,5.5,19.5,-43.0,347.42,-0.73,1.88,36.81413,-119.74787,263.92,336.7181468372709,0.54,19.35484,88.79,16 / 16,8101,2015-10-30 10:29:01:672
-1.227,0.1987,9.8282,-0.6246,0.3015,9.7821,0.1539,0.2749,-0.1906,5.5,19.6,-43.0,350.21,-1.39,3.14,36.81413,-119.74787,263.92,336.7181468372709,0.54,19.35484,88.79,16 / 16,8203,2015-10-30 10:29:01:774
-1.5862,0.067,9.007,-0.8389,0.3761,9.7635,0.0134,0.1894,-0.1466,6.0,19.3,-43.4,352.93,-2.2,4.56,36.81413,-119.74787,263.92,336.7181468372709,0.54,19.35484,88.79,16 / 16,8305,2015-10-30 10:29:01:876
-1.0139,0.7374,8.8226,-0.91,0.3068,9.7595,0.1845,-0.1918,-0.0269,6.7,19.0,-43.1,351.68,-1.79,5.33,36.81413,-119.74787,263.92,336.7181468372709,0.54,19.35484,88.79,16 / 16,8407,2015-10-30 10:29:01:978
-0.8595,0.7961,10.2496,-0.764,0.1733,9.7753,-0.0672,0.0538,0.0061,6.9,19.0,-42.9,349.59,-1.24,4.42,36.81413,-119.74787,263.92,336.7181468372709,0.54,19.35484,88.79,16 / 16,8509,2015-10-30 10:29:02:080
-0.8523,1.2031,9.5457,-0.7606,0.1485,9.776,-0.1038,-0.0562,0.0538,6.9,19.2,-42.8,349.82,-1.0,4.58,36.81413,-119.74787,263.92,336.7181468372709,0.54,19.35484,88.79,16 / 16,8611,2015-10-30 10:29:02:182
-0.8607,1.0642,9.7659,-0.6936,0.1974,9.7801,0.0489,-0.1087,-0.0635,6.6,19.6,-43.0,349.77,-0.87,4.34,36.81413,-119.74787,263.92,336.7181468372709,0.54,19.35484,88.79,16 / 16,8714,2015-10-30 10:29:02:285
-0.9266,1.3012,9.2572,-0.6947,0.3111,9.7771,0.1442,-0.1002,0.0977,6.4,19.7,-43.0,352.24,-1.51,4.14,36.81413,-119.74787,263.92,336.7181468372709,0.54,19.35484,88.79,16 / 16,8815,2015-10-30 10:29:02:386
-0.8045,1.567,9.2177,-0.6343,0.4439,9.776,0.0684,-0.0342,0.0538,6.2,19.5,-43.1,351.72,-2.4,3.75,36.81413,-119.74787,263.92,336.7181468372709,0.54,19.35484,88.79,16 / 16,8917,2015-10-30 10:29:02:488
-0.7075,1.7071,9.4284,-0.5672,0.5584,9.7743,0.0012,-0.055,-0.033,6.1,19.1,-43.4,350.77,-3.16,3.36,36.81413,-119.74787,263.92,336.7181468372709,0.54,19.35484,88.79,16 / 16,9020,2015-10-30 10:29:02:591
-0.5878,1.0271,12.2655,-0.5106,0.6928,9.7688,0.1796,-0.2334,0.0159,5.8,18.7,-44.1,350.5,-4.05,2.99,36.81413,-119.74787,263.92,336.7181468372709,0.54,19.35484,88.79,16 / 16,9121,2015-10-30 10:29:02:692
0.0706,0.8128,8.2744,-0.4715,1.0775,9.7359,0.5705,0.0269,0.0281,5.6,18.2,-44.4,349.78,-5.68,2.57,36.81413,-119.74787,263.92,336.7181468372709,0.54,19.35484,88.79,16 / 16,9224,2015-10-30 10:29:02:795
-0.6093,0.6177,8.0038,-0.3759,0.7853,9.7679,-0.0794,-0.1784,-0.3848,5.1,17.7,-44.8,351.12,-4.35,2.11,36.81413,-119.74787,263.92,336.7181468372709,0.54,19.35484,88.79,16 / 16,9325,2015-10-30 10:29:02:896
-0.1425,0.6512,10.2687,-0.4367,0.5543,9.7812,-0.182,0.0452,-0.2419,4.7,17.7,-44.7,351.77,-3.68,2.52,36.81413,-119.74787,263.92,336.7181468372709,0.54,19.35484,88.79,16 / 16,9428,2015-10-30 10:29:02:999
-0.4094,1.2186,8.5341,-0.6011,0.5144,9.7747,0.0183,-0.0916,-0.1576,4.3,18.5,-44.4,356.53,-3.01,3.52,36.81413,-119.74787,263.92,336.7181468372709,0.54,19.35484,88.79,16 / 16,9529,2015-10-30 10:29:03:100
-0.2023,1.1779,9.086,-0.532,0.54,9.7773,0.0086,-0.0195,-0.0941,4.1,19.1,-44.1,355.96,-3.09,3.24,36.81413,-119.74787,263.92,336.7181468372709,0.54,19.35484,88.79,16 / 16,9632,2015-10-30 10:29:03:203
-0.0108,1.1983,10.0796,-0.423,0.6571,9.7755,0.077,-0.0965,0.0562,3.7,19.3,-43.7,354.54,-3.84,2.48,36.81413,-119.74787,263.92,336.7181468372709,0.54,19.35484,88.79,16 / 16,9734,2015-10-30 10:29:03:305
-0.6213,0.4477,11.728,-0.1863,1.0772,9.7455,0.5315,0.4349,0.3751,3.2,19.0,-43.8,354.6,-4.56,1.14,36.81413,-119.74787,263.92,336.7181468372709,0.54,19.35484,88.79,16 / 16,9835,2015-10-30 10:29:03:406
-0.5004,0.2849,12.1721,0.0685,1.1888,9.7341,-0.1075,-0.6793,0.1368,2.8,17.9,-44.1,354.72,-6.93,1.12,36.81413,-119.74787,263.92,336.7181468372709,0.54,19.35484,88.79,16 / 16,9937,2015-10-30 10:29:03:508
-0.4142,0.7614,10.1143,0.0173,1.1413,9.74,-0.2138,-0.1478,0.0391,2.5,17.1,-44.7,352.53,-7.06,0.08,36.81413,-119.74787,263.92,336.7181468372709,0.54,19.35484,88.79,16 / 16,10040,2015-10-30 10:29:03:611
-0.8787,0.838,9.5361,-0.2228,0.9232,9.7606,-0.1772,0.1442,-0.0281,2.6,16.8,-44.7,353.81,-5.84,0.85,36.81413,-119.74787,263.92,336.7181468372709,0.54,19.35484,88.79,16 / 16,10141,2015-10-30 10:29:03:712
-0.6021,1.1133,9.3948,-0.3894,0.8833,9.759,-0.0147,0.1735,-0.0623,3.0,17.1,-44.5,355.87,-5.28,1.93,36.81413,-119.74787,263.92,336.7181468372709,0.54,19.35484,88.79,16 / 16,10243,2015-10-30 10:29:03:814
0.1137,1.7286,8.4851,-0.3939,1.0312,9.7443,0.2101,-0.099,0.0318,3.4,17.5,-44.4,357.29,-5.32,2.55,36.81413,-119.74787,263.92,336.7181468372709,0.54,19.35484,88.79,16 / 16,10345,2015-10-30 10:29:03:916
-0.9493,1.0247,10.9295,-0.3252,1.0806,9.7415,0.1564,0.0452,-0.1429,3.5,17.5,-44.4,353.54,-6.17,1.87,36.81413,-119.74787,263.92,336.7181468372709,0.54,19.35484,88.79,16 / 16,10447,2015-10-30 10:29:04:018
0.1101,0.1568,11.3713,-0.141,1.1657,9.7361,-0.2004,0.0049,-0.2639,3.0,17.4,-45.0,353.97,-6.83,0.83,36.81413,-119.74787,263.92,336.7181468372709,0.54,19.35484,88.79,16 / 16,10550,2015-10-30 10:29:04:121
0.3771,0.4322,8.3067,-0.0259,1.1099,9.7436,0.1576,-0.237,-0.1772,2.4,17.2,-45.1,356.27,-6.77,0.71,36.81413,-119.74787,263.92,336.7181468372709,0.54,19.35484,88.79,16 / 16,10651,2015-10-30 10:29:04:222
-0.1065,0.8416,9.159,-0.0866,0.8723,9.7674,0.0024,-0.0916,0.0305,1.4,17.5,-44.9,358.43,-5.1,0.51,36.81413,-119.74787,263.92,336.7181468372709,0.54,19.35484,88.79,16 / 16,10760,2015-10-30 10:29:04:331
-0.231,1.0199,8.4815,-0.0431,0.8613,9.7687,-0.0867,-0.1075,0.0415,0.8,17.9,-44.6,358.32,-5.23,0.45,36.81413,-119.74787,263.92,336.7181468372709,0.54,19.35484,88.79,16 / 16,10856,2015-10-30 10:29:04:427
0.2179,1.1827,9.3541,-0.0532,0.8715,9.7677,0.0122,0.0843,0.1808,0.4,18.5,-44.2,0.45,-4.91,0.23,36.81413,-119.74787,263.92,336.7181468372709,0.54,19.35484,88.79,16 / 16,10958,2015-10-30 10:29:04:529
0.182,0.7697,12.1901,-0.0399,0.9671,9.7588,0.0232,-0.0391,0.2175,0.6,18.5,-44.0,358.22,-5.56,0.37,36.81413,-119.74787,263.92,336.7181468372709,0.54,19.35484,88.79,16 / 16,11060,2015-10-30 10:29:04:631
-0.5327,0.431,11.795,-0.0032,0.987,9.7569,-0.248,-0.1588,0.1857,1.0,18.3,-44.0,357.92,-6.15,0.23,36.81413,-119.74787,263.92,336.7181468372709,0.54,19.35484,88.79,16 / 16,11161,2015-10-30 10:29:04:732
-0.3747,0.905,7.8865,-0.0568,1.1494,9.7389,0.0696,-0.0794,0.0916,1.5,17.9,-44.2,356.17,-6.32,0.62,36.81413,-119.74787,263.92,336.7181468372709,0.54,19.35484,88.79,16 / 16,11264,2015-10-30 10:29:04:835
-0.1784,0.8487,9.8342,-0.0573,0.9806,9.7573,-0.3042,0.0244,0.0415,1.9,17.6,-44.3,355.55,-6.26,0.31,36.81413,-119.74787,263.92,336.7181468372709,0.54,19.35484,88.79,16 / 16,11365,2015-10-30 10:29:04:936
-0.2658,1.2785,9.0321,-0.1214,0.9679,9.758,0.0696,0.1161,0.0281,2.3,17.7,-44.1,356.27,-5.66,0.71,36.81413,-119.74787,263.92,336.7181468372709,0.54,19.35484,88.79,16 / 16,11467,2015-10-30 10:29:05:038
-0.2598,1.506,9.0465,-0.1889,1.0503,9.7484,0.0782,-0.0171,-0.0611,2.4,17.7,-44.1,357.08,-6.0,1.11,36.81413,-119.74787,263.92,336.7181468372709,0.54,19.35484,88.79,16 / 16,11569,2015-10-30 10:29:05:140
-0.4381,1.0499,9.3506,-0.1919,1.1566,9.7363,0.0843,-0.0134,-0.0721,2.7,17.7,-44.1,354.66,-6.55,1.12,36.81413,-119.74787,263.92,336.7181468372709,0.54,19.35484,88.79,16 / 16,11671,2015-10-30 10:29:05:242
0.2586,0.4166,9.0393,-0.0416,1.1405,9.74,-0.0269,-0.1564,-0.0244,2.7,17.4,-44.3,354.34,-6.88,1.05,36.81413,-119.74787,263.92,336.7181468372709,0.54,19.35484,88.79,16 / 16,11774,2015-10-30 10:29:05:345
-0.231,0.0754,8.4013,-0.1537,0.8846,9.7655,0.347,-0.204,0.2187,2.5,17.6,-44.5,353.6,-4.74,0.76,36.81413,-119.74787,263.92,336.7181468372709,0.54,19.35484,88.79,16 / 16,11875,2015-10-30 10:29:05:446
-0.1173,-0.5399,11.1067,0.0135,0.8047,9.7736,-0.3409,-0.0599,-0.1625,2.1,17.9,-44.6,354.4,-5.19,-0.2,36.81413,-119.74787,263.92,336.7181468372709,0.54,19.35484,88.79,16 / 16,11977,2015-10-30 10:29:05:548
-0.3807,-0.4717,8.4719,-0.1009,0.8465,9.7695,0.1344,0.2553,-0.0684,1.7,18.5,-44.4,356.11,-4.95,0.59,36.81413,-119.74787,263.92,336.7181468372709,0.54,19.35484,88.79,16 / 16,12079,2015-10-30 10:29:05:650
-0.5662,-0.2945,8.7029,-0.3372,0.929,9.7567,0.1417,0.1772,0.1332,1.9,18.4,-44.1,358.76,-5.44,1.98,36.81413,-119.74787,263.92,336.7181468372709,0.54,19.35484,88.79,16 / 16,12182,2015-10-30 10:29:05:753
-0.4034,0.3148,9.6163,-0.3257,0.8511,9.7642,-0.3519,-0.0794,0.1173,2.4,18.3,-43.9,358.89,-5.49,2.04,36.81413,-119.74787,263.92,336.7181468372709,0.54,19.35484,88.79,16 / 16,12283,2015-10-30 10:29:05:854
-1.4425,0.4369,9.7324,-0.1448,0.556,9.7898,-0.1649,-0.259,0.4007,3.1,18.4,-43.8,353.45,-3.25,0.85,36.81413,-119.74787,263.92,336.7181468372709,0.54,19.35484,88.79,16 / 16,12385,2015-10-30 10:29:05:956
-1.6999,0.0718,11.1869,-0.0456,0.455,9.796,0.0672,0.0281,0.7831,3.4,18.8,-43.6,352.43,-2.55,0.28,36.81413,-119.74787,263.92,336.7181468372709,0.54,19.35484,88.79,16 / 16,12488,2015-10-30 10:29:06:059
-1.5706,-0.0251,9.8833,-0.1902,0.6367,9.7841,0.1271,0.1674,1.6457,4.6,18.9,-43.4,349.17,-3.72,1.11,36.81413,-119.74787,263.92,336.7181468372709,0.54,19.35484,88.79,16 / 16,12589,2015-10-30 10:29:06:160
-1.391,-0.6644,9.8629,-0.2798,0.7588,9.7732,0.0501,0.1454,1.9609,7.3,17.6,-43.6,344.65,-4.32,1.51,36.81413,-119.74787,263.92,336.7181468372709,0.54,19.35484,88.79,16 / 16,12692,2015-10-30 10:29:06:263
-0.7266,-0.978,9.7336,-0.3544,0.8084,9.7668,0.0733,0.2847,2.5473,13.2,13.4,-43.8,325.13,-4.6,1.93,36.81413,-119.74787,263.92,336.7181468372709,0.54,19.35484,88.79,16 / 16,12793,2015-10-30 10:29:06:364
-0.1784,-1.1073,9.3565,-0.5286,0.9817,9.7431,0.0892,0.4985,2.5094,19.9,6.2,-43.4,299.5,-5.4,2.81,36.81413,-119.74787,263.92,336.7181468372709,0.54,19.35484,88.79,16 / 16,12895,2015-10-30 10:29:06:466
-0.9433,-1.3898,10.4818,-0.6808,0.9886,9.7329,-0.1747,0.3958,2.2504,21.9,1.7,-41.1,288.1,-5.81,3.83,36.81413,-119.74787,263.92,336.7181468372709,0.54,19.35484,88.79,16 / 16,12998,2015-10-30 10:29:06:569
0.3747,0.1389,10.0712,-0.6536,1.0832,9.7247,-0.1417,0.3323,1.6664,23.5,-4.3,-42.2,272.25,-6.34,3.85,36.81413,-119.74787,263.92,336.7181468372709,0.54,19.35484,88.79,16 / 16,13099,2015-10-30 10:29:06:670
0.2298,1.0546,9.0273,-1.008,1.021,9.7011,-0.1173,0.3176,1.157,25.2,-7.8,-41.2,263.51,-6.04,4.85,36.81413,-119.74787,263.92,336.7181468372709,0.54,19.35484,88.79,16 / 16,13201,2015-10-30 10:29:06:772
0.6117,0.4561,10.5524,-0.795,0.8807,9.7346,-0.4826,0.0452,0.5571,25.3,-8.8,-41.1,257.67,-5.79,5.4,36.81413,-119.74787,263.92,336.7181468372709,0.54,19.35484,88.79,16 / 16,13304,2015-10-30 10:29:06:875
0.0275,1.567,8.3199,-0.7834,0.7252,9.7484,-0.0562,-0.0183,0.6536,25.4,-10.7,-40.7,249.73,-4.15,5.08,36.81413,-119.74787,263.92,336.7181468372709,0.54,19.35484,88.79,16 / 16,13405,2015-10-30 10:29:06:976
-0.5495,1.1959,12.0608,-0.4795,0.4696,9.7837,-0.3396,-0.2162,-0.0098,24.7,-12.2,-40.7,246.54,-2.74,2.81,36.81413,-119.74787,263.92,336.7181468372709,0.54,19.35484,88.79,16 / 16,13507,2015-10-30 10:29:07:078
-0.7278,1.9082,9.0046,-0.5851,0.496,9.7766,-0.011,0.0367,-0.0501,24.2,-12.6,-41.0,243.08,-2.7,3.23,36.81413,-119.74787,263.92,336.7181468372709,0.54,19.35484,88.79,16 / 16,13610,2015-10-30 10:29:07:181
-0.9505,1.5311,9.3254,-0.6657,0.4857,9.772,-0.0696,0.1405,-0.0892,23.8,-12.6,-41.1,242.79,-2.84,3.9,36.81413,-119.74787,263.92,336.7181468372709,0.54,19.35484,88.79,16 / 16,13711,2015-10-30 10:29:07:282
-0.8344,1.8866,8.855,-0.7514,0.6372,9.757,0.066,0.0867,0.0318,23.9,-12.3,-41.2,245.67,-3.37,4.18,36.81413,-119.74787,263.92,336.7181468372709,0.54,19.35484,88.79,16 / 16,13813,2015-10-30 10:29:07:384
-0.668,1.7502,9.3841,-0.7586,0.6775,9.7538,-0.055,-0.0049,-0.0134,24.0,-12.3,-41.1,246.49,-3.94,4.43,36.81413,-119.74787,263.92,336.7181468372709,0.54,19.35484,88.79,16 / 16,13915,2015-10-30 10:29:07:486
-0.8978,0.7494,13.5117,-0.5659,0.6852,9.7663,-0.055,-0.2969,-0.1405,24.1,-12.3,-41.1,246.69,-3.85,3.9,36.81413,-119.74787,263.92,336.7181468372709,0.54,19.35484,88.79,16 / 16,14017,2015-10-30 10:29:07:588
0.2957,0.1173,12.6689,-0.145,1.0004,9.7544,-0.3152,-0.4569,-0.3702,23.6,-12.6,-41.0,249.57,-5.85,0.85,36.81413,-119.74787,263.92,336.7181468372709,0.54,19.35484,88.79,16 / 16,14120,2015-10-30 10:29:07:691
0.1341,0.9613,7.015,-0.0939,1.0,9.7551,0.0024,-0.2602,-0.1881,23.2,-12.6,-41.3,247.35,-4.99,0.81,36.81413,-119.74787,263.92,336.7181468372709,0.54,19.35484,88.79,16 / 16,14221,2015-10-30 10:29:07:792
0.1377,1.0534,8.4479,-0.0049,1.0075,9.7548,0.0611,-0.1527,-0.1405,22.4,-12.6,-41.9,248.34,-5.81,0.21,36.81413,-119.74787,263.92,336.7181468372709,0.54,19.35484,88.79,16 / 16,14323,2015-10-30 10:29:07:894
0.4788,1.7334,8.4432,0.09,1.0962,9.7448,0.0904,-0.0342,-0.055,22.1,-12.1,-42.5,251.77,-6.29,-0.39,36.81413,-119.74787,263.92,336.7181468372709,0.54,19.35484,88.79,16 / 16,14425,2015-10-30 10:29:07:996
0.1796,2.0075,9.4607,0.0497,1.1428,9.7397,0.1295,0.2114,-0.0049,21.9,-12.0,-42.6,252.36,-6.42,-0.62,36.81413,-119.74787,263.92,336.7181468372709,0.54,19.35484,88.79,16 / 16,14527,2015-10-30 10:29:08:098
0.1987,1.2594,10.3118,0.0542,1.3762,9.7095,0.4142,0.1649,0.0538,21.8,-12.3,-42.6,254.16,-7.47,-0.42,36.81413,-119.74787,263.92,336.7181468372709,0.54,19.35484,88.79,16 / 16,14629,2015-10-30 10:29:08:200
0.2047,0.31,12.384,0.1396,1.3672,9.7099,-0.3054,-0.3335,-0.0684,21.9,-12.9,-42.4,253.81,-8.79,-0.26,36.81413,-119.74787,263.92,336.7181468372709,0.54,19.35484,88.79,16 / 16,14731,2015-10-30 10:29:08:302
0.0371,1.1863,8.515,0.202,1.4013,9.7039,0.1063,-0.4643,0.1588,21.8,-13.3,-42.7,253.48,-8.22,-1.19,36.81413,-119.74787,263.92,336.7181468372709,0.54,19.35484,88.79,16 / 16,14833,2015-10-30 10:29:08:404
-0.3771,1.0343,9.9288,0.166,1.166,9.7357,-0.0391,0.0232,0.0195,21.6,-13.5,-42.9,252.25,-7.44,-1.47,36.81413,-119.74787,263.92,336.7181468372709,0.54,19.35484,88.79,16 / 16,14935,2015-10-30 10:29:08:506
0.1604,1.8352,9.1363,0.0779,1.2472,9.7267,0.1491,0.1271,0.0269,21.5,-13.2,-43.4,251.56,-7.31,-0.46,36.81413,-119.74787,263.92,336.7181468372709,0.54,19.35484,88.79,16 / 16,15037,2015-10-30 10:29:08:608
-0.3879,1.5921,8.9483,-0.0623,1.3883,9.7077,0.1833,0.0696,-0.1613,21.6,-13.3,-43.3,252.37,-7.94,0.31,36.81413,-119.74787,263.92,336.7181468372709,0.54,19.35484,88.79,16 / 16,15139,2015-10-30 10:29:08:710
0.7266,0.5399,10.4639,0.0417,1.4564,9.6978,0.0721,0.0794,-0.0599,21.8,-13.4,-42.7,253.71,-8.54,-0.25,36.81413,-119.74787,263.92,336.7181468372709,0.54,19.35484,88.79,16 / 16,15241,2015-10-30 10:29:08:812
-0.0383,0.6847,8.4096,-0.1422,1.371,9.7093,0.3506,-0.0354,0.0464,22.1,-13.4,-42.0,251.86,-7.84,0.31,36.81413,-119.74787,263.92,336.7181468372709,0.54,19.35484,88.79,16 / 16,15343,2015-10-30 10:29:08:914
0.8583,0.7805,10.173,-0.0252,1.2468,9.727,-0.5205,-0.1515,-0.27,22.2,-13.4,-41.7,252.87,-8.36,0.18,36.81413,-119.74787,263.92,336.7181468372709,0.54,19.35484,88.79,16 / 16,15445,2015-10-30 10:29:09:016
0.0,1.6316,8.0337,-0.1783,1.0637,9.7472,0.0037,-0.0635,0.0379,22.6,-12.6,-41.6,249.42,-6.22,1.12,36.81413,-119.74787,263.92,336.7181468372709,0.54,19.35484,88.79,16 / 16,15548,2015-10-30 10:29:09:119
-0.1065,1.1815,9.7241,-0.1711,1.0074,9.7533,0.0147,0.11,-0.0244,22.9,-11.7,-41.6,251.35,-5.98,0.97,36.81413,-119.74787,263.92,336.7181468372709,0.54,19.35484,88.79,16 / 16,15649,2015-10-30 10:29:09:220
0.2358,1.0523,10.8338,-0.251,1.1197,9.7393,0.2847,0.0562,0.2126,23.2,-10.9,-41.8,254.52,-6.56,1.48,36.81413,-119.74787,263.92,336.7181468372709,0.54,19.35484,88.79,16 / 16,15753,2015-10-30 10:29:09:324
1.4186,0.6788,10.0161,0.0736,1.3194,9.7172,-0.1515,-0.3897,0.0843,23.2,-11.4,-41.9,257.41,-7.99,0.74,36.81413,-119.74787,263.92,336.7181468372709,0.54,19.35484,88.79,16 / 16,15854,2015-10-30 10:29:09:425
-0.3388,0.3687,8.193,0.1465,1.2678,9.7233,0.1576,-0.1124,0.2492,22.6,-12.0,-42.6,254.35,-7.13,-0.79,36.81413,-119.74787,263.92,336.7181468372709,0.54,19.35484,88.79,16 / 16,15955,2015-10-30 10:29:09:526
-0.1616,0.4836,8.8562,0.2577,1.1392,9.7368,-0.2053,-0.0757,0.1405,22.1,-12.6,-42.8,251.83,-7.18,-1.57,36.81413,-119.74787,263.92,336.7181468372709,0.54,19.35484,88.79,16 / 16,16057,2015-10-30 10:29:09:628
0.1221,0.8523,9.1674,0.2545,1.0415,9.7479,0.1173,-0.0354,0.2834,21.5,-12.6,-43.2,249.98,-6.1,-1.5,36.81413,-119.74787,263.92,336.7181468372709,0.54,19.35484,88.79,16 / 16,16160,2015-10-30 10:29:09:731
-0.2239,0.8703,8.7257,0.1402,1.1818,9.7342,0.1539,0.0855,0.1906,21.4,-12.8,-42.9,249.43,-6.38,-1.11,36.81413,-119.74787,263.92,336.7181468372709,0.54,19.35484,88.79,16 / 16,16261,2015-10-30 10:29:09:832
-0.17,0.3855,10.6003,0.0264,1.2657,9.7246,0.2859,0.1405,0.1979,21.6,-13.5,-42.6,251.26,-7.14,-0.46,36.81413,-119.74787,263.92,336.7181468372709,0.54,19.35484,88.79,16 / 16,16363,2015-10-30 10:29:09:934
0.7721,0.018,13.3106,0.1846,1.4094,9.7031,-0.0538,-0.5168,0.1148,21.7,-14.7,-42.5,248.74,-8.26,-1.09,36.81413,-119.74787,263.92,336.7181468372709,0.54,19.35484,88.79,16 / 16,16468,2015-10-30 10:29:10:039
0.5231,0.7973,7.4041,0.008,1.397,9.7066,0.3201,-0.4447,0.3286,21.8,-15.2,-42.4,246.73,-7.66,0.74,36.81413,-119.74787,263.92,336.7181468372709,0.54,19.35484,88.79,16 / 16,16568,2015-10-30 10:29:10:139
-0.5183,0.1963,9.2356,0.002,1.1573,9.7381,-0.0073,-0.0208,0.088,21.7,-15.6,-42.3,244.44,-7.22,-0.25,36.81413,-119.74787,263.92,336.7181468372709,0.54,19.35484,88.79,16 / 16,16669,2015-10-30 10:29:10:240
0.0587,0.2095,8.3989,-0.1364,1.0873,9.7452,-0.0684,0.2822,0.0672,21.8,-15.5,-41.9,244.9,-6.45,0.39,36.81413,-119.74787,263.92,336.7181468372709,0.54,19.35484,88.79,16 / 16,16771,2015-10-30 10:29:10:342
-0.2083,-0.0072,8.904,-0.1457,0.9092,9.7633,-0.1124,0.0709,0.0342,22.1,-15.4,-41.4,243.05,-5.61,0.82,36.81413,-119.74787,263.92,336.7181468372709,0.54,19.35484,88.79,16 / 16,16873,2015-10-30 10:29:10:444
-1.1803,0.0251,10.3968,-0.0256,0.5663,9.7903,-0.3409,-0.11,0.2126,22.2,-15.1,-41.3,241.85,-4.77,0.65,36.81413,-119.74787,263.92,336.7181468372709,0.54,19.35484,88.79,16 / 16,16976,2015-10-30 10:29:10:547
-2.6432,0.012,10.8996,0.0939,0.4625,9.7953,-0.1038,-0.1894,0.4801,22.1,-14.5,-41.7,241.85,-2.81,-0.42,36.81413,-119.74787,263.92,336.7181468372709,0.54,19.35484,88.79,16 / 16,17077,2015-10-30 10:29:10:648
-2.3176,-0.0886,9.4236,0.0218,0.5579,9.7907,0.0733,0.1295,1.3708,21.6,-14.6,-42.2,240.27,-3.13,-0.32,36.81413,-119.74787,263.92,336.7181468372709,0.54,19.35484,88.79,16 / 16,17180,2015-10-30 10:29:10:751
-1.4413,-0.4896,10.7021,-0.1367,0.507,9.7926,-0.0281,0.1979,2.0183,20.3,-16.4,-42.5,234.78,-3.01,0.69,36.81413,-119.74787,263.92,336.7181468372709,0.54,19.35484,88.79,16 / 16,17281,2015-10-30 10:29:10:852
-0.2753,-0.5028,9.7779,-0.1958,0.7632,9.7749,0.4288,-0.0855,2.4337,14.8,-23.9,-41.3,214.39,-4.46,1.15,36.81413,-119.74787,263.92,336.7181468372709,0.54,19.35484,88.79,16 / 16,17384,2015-10-30 10:29:10:955
0.1077,-0.4046,9.7528,-0.0912,1.1159,9.7425,0.2908,0.4044,2.4911,9.7,-28.7,-40.0,201.64,-6.26,0.43,36.81413,-119.74787,263.92,336.7181468372709,0.54,19.35484,88.79,16 / 16,17485,2015-10-30 10:29:11:056
0.1484,-0.4202,10.1598,-0.0333,1.3888,9.7078,0.1918,0.4472,2.044,3.0,-32.2,-39.0,186.25,-8.14,0.2,36.81413,-119.74787,263.92,336.7181468372709,0.54,19.35484,88.79,16 / 16,17587,2015-10-30 10:29:11:158
0.5435,0.1748,9.1494,-0.3535,1.4143,9.6977,-0.3482,0.7807,1.4294,0.7,-33.2,-38.9,180.07,-8.55,1.42,36.81413,-119.74787,263.92,336.7181468372709,0.54,19.35484,88.79,16 / 16,17690,2015-10-30 10:29:11:261
1.257,0.8571,9.0357,-0.8781,1.1636,9.6977,-0.1955,0.6145,1.2046,0.5,-33.6,-38.7,177.48,-7.55,3.31,36.81413,-119.74787,263.92,336.7181468372709,0.54,19.35484,88.79,16 / 16,17791,2015-10-30 10:29:11:362
0.747,0.9816,9.9467,-1.0839,0.8436,9.71,-0.4374,0.1234,0.4545,-1.8,-33.4,-38.9,167.75,-5.62,6.36,36.81413,-119.74787,263.92,336.7181468372709,0.54,19.35484,88.79,16 / 16,17894,2015-10-30 10:29:11:465
-0.3998,0.9577,9.5529,-1.0393,0.5412,9.7364,-0.2431,-0.1454,0.2443,-2.9,-32.6,-39.7,166.68,-3.76,6.02,36.81413,-119.74787,263.92,336.7181468372709,0.54,19.35484,88.79,16 / 16,17995,2015-10-30 10:29:11:566
-0.7051,1.2426,9.1638,-0.8192,0.4523,9.7619,-0.0611,-0.1723,0.1014,-4.1,-31.0,-41.1,165.7,-2.64,4.8,36.81413,-119.74787,263.92,336.7181468372709,0.54,19.35484,88.79,16 / 16,18097,2015-10-30 10:29:11:668
-1.0187,1.2701,10.5596,-0.5598,0.2962,9.7862,-0.1405,-0.2285,0.0525,-4.7,-30.2,-41.8,164.47,-2.21,3.95,36.81413,-119.74787,263.92,336.7181468372709,0.54,19.35484,88.79,16 / 16,18199,2015-10-30 10:29:11:770
-1.0032,1.9417,9.8988,-0.6712,0.3048,9.7789,0.11,0.0293,0.1051,-5.5,-29.4,-42.1,164.39,-1.61,3.8,36.81413,-119.74787,263.92,336.7181468372709,0.54,19.35484,88.79,16 / 16,18302,2015-10-30 10:29:11:873
-0.808,1.9788,9.3087,-0.7343,0.6161,9.7597,0.2309,-0.0525,0.0403,-5.8,-29.3,-41.7,161.16,-3.09,4.28,36.81413,-119.74787,263.92,336.7181468372709,0.54,19.35484,88.79,16 / 16,18403,2015-10-30 10:29:11:974
-0.9553,1.8064,9.1363,-0.7316,0.845,9.7428,0.1857,0.033,0.0049,-5.9,-29.4,-41.5,160.69,-4.59,4.21,36.81413,-119.74787,263.92,336.7181468372709,0.54,19.35484,88.79,16 / 16,18505,2015-10-30 10:29:12:076
-1.3934,1.6029,10.7117,-0.7063,0.9565,9.7343,0.0525,-0.2517,0.0305,-5.9,-30.0,-41.0,160.8,-5.37,4.34,36.81413,-119.74787,263.92,336.7181468372709,0.54,19.35484,88.79,16 / 16,18607,2015-10-30 10:29:12:178
1.2055,1.0379,11.3689,-0.4268,1.0114,9.745,-0.4777,0.1002,-0.3543,-6.2,-30.5,-40.6,162.29,-6.27,2.96,36.81413,-119.74787,263.92,336.7181468372709,0.54,19.35484,88.79,16 / 16,18709,2015-10-30 10:29:12:280
0.7578,0.9062,8.8849,-0.4776,0.8446,9.7585,0.1906,0.0318,0.0012,-6.5,-30.7,-40.5,163.88,-4.84,2.81,36.81413,-119.74787,263.92,336.7181468372709,0.54,19.35484,88.79,16 / 16,18811,2015-10-30 10:29:12:382
0.4836,0.8212,8.5748,-0.4032,0.8259,9.7635,0.1356,-0.0428,-0.0696,-6.6,-30.6,-40.7,162.42,-4.61,2.46,36.81413,-119.74787,263.92,336.7181468372709,0.54,19.35484,88.79,16 / 16,18914,2015-10-30 10:29:12:485
-0.0215,1.2797,9.9719,-0.4149,0.794,9.7656,0.1258,-0.099,-0.0012,-6.3,-30.4,-40.8,163.79,-4.64,2.43,36.81413,-119.74787,263.92,336.7181468372709,0.54,19.35484,88.79,16 / 16,19016,2015-10-30 10:29:12:587
-0.4298,1.7657,9.2548,-0.4304,0.9714,9.7489,0.1637,0.1087,-0.0855,-6.0,-30.5,-40.8,163.19,-5.68,2.53,36.81413,-119.74787,263.92,336.7181468372709,0.54,19.35484,88.79,16 / 16,19117,2015-10-30 10:29:12:688
-0.577,1.579,11.3605,-0.44,1.2131,9.7214,0.2566,-0.0012,0.0489,-5.8,-30.8,-40.6,163.47,-6.19,2.59,36.81413,-119.74787,263.92,336.7181468372709,0.54,19.35484,88.79,16 / 16,19219,2015-10-30 10:29:12:790
-0.1724,0.1724,11.9818,-0.317,1.301,9.7148,-0.5583,-0.2187,0.0415,-5.6,-31.4,-40.0,162.95,-8.07,2.45,36.81413,-119.74787,263.92,336.7181468372709,0.54,19.35484,88.79,16 / 16,19321,2015-10-30 10:29:12:892
-0.9864,1.0942,7.3634,-0.3573,1.2446,9.7208,0.27,0.1564,0.2456,-5.6,-31.6,-39.9,164.12,-6.64,2.49,36.81413,-119.74787,263.92,336.7181468372709,0.54,19.35484,88.79,16 / 16,19423,2015-10-30 10:29:12:994
-0.656,0.6464,9.5433,-0.3045,0.9592,9.7549,-0.5009,0.3225,-0.0806,-6.2,-31.7,-39.8,165.83,-6.47,1.28,36.81413,-119.74787,263.92,336.7181468372709,0.54,19.35484,88.79,16 / 16,19525,2015-10-30 10:29:13:096
-0.2622,1.5431,8.8238,-0.3404,0.9556,9.754,0.0232,0.0538,0.1026,-6.7,-31.0,-40.6,162.71,-5.54,1.94,36.81413,-119.74787,263.92,336.7181468372709,0.54,19.35484,88.79,16 / 16,19628,2015-10-30 10:29:13:199
-0.3759,1.4186,9.5349,-0.3274,0.9968,9.7504,-0.0024,-0.0611,-0.2749,-7.1,-30.8,-40.7,162.54,-5.78,1.98,36.81413,-119.74787,263.92,336.7181468372709,0.54,19.35484,88.79,16 / 16,19730,2015-10-30 10:29:13:301
-0.9361,0.3879,11.1067,-0.2554,0.9731,9.7549,0.0269,-0.0892,-0.2834,-6.9,-30.5,-41.0,162.11,-5.83,1.82,36.81413,-119.74787,263.92,336.7181468372709,0.54,19.35484,88.79,16 / 16,19831,2015-10-30 10:29:13:402
-1.4222,-1.0534,10.9762,-0.3059,0.7024,9.7767,-0.1967,0.1539,-0.6048,-6.6,-30.5,-40.9,163.4,-4.18,1.45,36.81413,-119.74787,263.92,336.7181468372709,0.54,19.35484,88.79,16 / 16,19933,2015-10-30 10:29:13:504
0.7614,-0.0287,9.827,-0.0993,0.8334,9.7707,-0.1539,0.0,-0.2456,-6.1,-30.4,-41.1,165.68,-5.15,0.97,36.81413,-119.74787,263.92,336.7181468372709,0.54,19.35484,88.79,16 / 16,20035,2015-10-30 10:29:13:606
0.0407,0.7614,7.7979,-0.2504,0.8231,9.7688,0.055,0.2101,0.0049,-5.7,-30.4,-41.5,165.09,-4.81,1.47,36.81413,-119.74787,263.92,336.7181468372709,0.54,19.35484,88.79,16 / 16,20137,2015-10-30 10:29:13:708
-0.3915,0.7027,8.9818,-0.2718,0.7834,9.7715,0.0134,-0.0904,-0.0024,-5.3,-30.5,-41.7,166.62,-4.6,1.8,36.81413,-119.74787,263.92,336.7181468372709,0.54,19.35484,88.79,16 / 16,20239,2015-10-30 10:29:13:810
-0.5219,0.9948,9.5565,-0.3659,0.9094,9.7575,0.171,0.022,0.0684,-4.9,-30.7,-41.8,166.56,-5.0,2.06,36.81413,-119.74787,263.92,336.7181468372709,0.54,19.35484,88.79,16 / 16,20341,2015-10-30 10:29:13:912
0.3843,0.5148,9.9276,-0.3567,1.0458,9.7442,-0.4105,-0.3934,-0.1442,-4.6,-31.1,-41.4,166.02,-5.93,2.28,36.81413,-119.74787,263.92,336.7181468372709,0.54,19.35484,88.79,16 / 16,20444,2015-10-30 10:29:14:015
-0.1987,0.7614,7.9739,-0.3495,0.9175,9.7574,0.2028,0.3311,0.2028,-4.8,-31.2,-41.1,166.6,-4.89,2.14,36.81413,-119.74787,263.92,336.7181468372709,0.54,19.35484,88.79,16 / 16,20545,2015-10-30 10:29:14:116
-0.5411,0.1939,9.7288,-0.1244,0.8314,9.7705,-0.27,0.1552,0.1038,-5.1,-31.2,-40.7,168.71,-5.38,0.55,36.81413,-119.74787,263.92,336.7181468372709,0.54,19.35484,88.79,16 / 16,20647,2015-10-30 10:29:14:218
-0.0982,0.5016,9.1877,-0.059,0.8205,9.7721,0.0855,0.1002,0.1918,-5.9,-30.9,-41.1,167.18,-4.8,0.35,36.81413,-119.74787,263.92,336.7181468372709,0.54,19.35484,88.79,16 / 16,20749,2015-10-30 10:29:14:320
-0.0407,0.5997,9.1889,-0.1005,0.944,9.7606,0.1503,0.044,0.1405,-6.4,-30.9,-41.1,166.72,-5.31,0.55,36.81413,-119.74787,263.92,336.7181468372709,0.54,19.35484,88.79,16 / 16,20851,2015-10-30 10:29:14:422
-0.316,0.2598,9.73,-0.0554,1.0771,9.7472,0.3091,0.1038,0.1417,-6.9,-31.0,-41.1,164.63,-6.31,0.33,36.81413,-119.74787,263.92,336.7181468372709,0.54,19.35484,88.79,16 / 16,20954,2015-10-30 10:29:14:525
1.798,-0.1365,11.7292,0.1426,0.9959,9.7549,-0.8601,0.3042,-0.6353,-7.2,-31.4,-40.9,164.36,-7.6,0.12,36.81413,-119.74787,263.92,336.7181468372709,0.54,19.35484,88.79,16 / 16,21055,2015-10-30 10:29:14:626
0.6704,0.1556,9.7564,-0.0256,0.9648,9.759,0.2761,0.0635,0.1136,-7.1,-31.7,-40.8,164.56,-5.45,1.02,36.81413,-119.74787,263.92,336.7181468372709,0.54,19.35484,88.79,16 / 16,21157,2015-10-30 10:29:14:728
-0.1006,0.1832,8.1666,-0.0397,0.9113,9.7641,0.077,-0.0208,0.0709,-7.0,-31.6,-40.9,165.49,-5.22,0.4,36.81413,-119.74787,263.92,336.7181468372709,0.54,19.35484,88.79,16 / 16,21259,2015-10-30 10:29:14:830
-0.6728,-0.2406,9.8557,0.0166,0.7627,9.7769,0.0415,-0.0281,0.2663,-6.7,-31.3,-41.3,165.8,-4.61,-0.02,36.81413,-119.74787,263.92,336.7181468372709,0.54,19.35484,88.79,16 / 16,21362,2015-10-30 10:29:14:933
-0.9074,0.4465,10.0904,0.0722,0.7032,9.7811,-0.1246,-0.0819,0.3946,-7.2,-31.1,-41.6,166.11,-4.41,-0.21,36.81413,-119.74787,263.92,336.7181468372709,0.54,19.35484,88.79,16 / 16,21463,2015-10-30 10:29:15:034
-1.9441,0.4082,10.0401,0.2752,0.5676,9.7863,0.0073,-0.1442,0.7196,-8.3,-30.6,-41.9,166.55,-3.32,-1.61,36.81413,-119.74787,263.92,336.7181468372709,0.54,19.35484,88.79,16 / 16,21565,2015-10-30 10:29:15:136
-2.5642,-0.0718,10.3322,0.3821,0.6149,9.7799,0.3396,0.2663,1.5174,-9.7,-30.1,-41.8,163.13,-3.29,-2.25,36.81413,-119.74787,263.92,336.7181468372709,0.54,19.35484,88.79,16 / 16,21667,2015-10-30 10:29:15:238
-2.0351,-0.644,10.4974,0.1252,0.7249,9.779,-0.0086,0.4191,2.0904,-12.6,-28.9,-41.6,154.64,-4.33,-1.1,36.81413,-119.74787,263.92,336.7181468372709,0.54,19.35484,88.79,16 / 16,21770,2015-10-30 10:29:15:341
-0.4369,-1.0475,9.8976,-0.1753,0.8252,9.7703,0.1576,0.4801,2.4508,-17.5,-25.5,-41.5,141.35,-4.52,0.5,36.81413,-119.74787,263.92,336.7181468372709,0.54,19.35484,88.79,16 / 16,21871,2015-10-30 10:29:15:442
-0.0263,-1.1061,9.6355,-0.4671,0.9798,9.7464,0.1515,0.562,2.5143,-20.3,-21.9,-40.9,129.96,-5.47,2.21,36.81413,-119.74787,263.92,336.7181468372709,0.54,19.35484,88.79,16 / 16,21973,2015-10-30 10:29:15:544
0.1221,-1.1396,11.8357,-0.5927,1.0661,9.7305,-0.2639,0.4203,2.1979,-22.9,-15.4,-42.3,112.38,-6.24,3.49,36.81413,-119.74787,263.92,336.7181468372709,0.54,19.35484,88.79,16 / 16,22075,2015-10-30 10:29:15:646
1.8064,0.5567,8.0768,-0.7456,1.0613,9.7205,0.0757,0.3079,2.0916,-23.5,-11.3,-43.4,104.01,-6.18,4.16,36.81413,-119.74787,263.92,336.7181468372709,0.54,19.35484,88.79,16 / 16,22177,2015-10-30 10:29:15:748
0.6812,0.4597,9.4272,-1.0236,0.6332,9.7325,-0.3934,0.3213,0.7953,-23.0,-5.7,-44.9,95.86,-4.28,5.69,36.81413,-119.74787,263.92,336.7181468372709,0.54,19.35484,88.79,16 / 16,22280,2015-10-30 10:29:15:851
-0.0431,1.0187,8.7771,-1.0875,0.4118,9.7375,-0.4667,-0.1979,0.3506,-22.8,-3.7,-45.5,93.23,-3.29,6.28,36.81413,-119.74787,263.92,336.7181468372709,0.54,19.35484,88.79,16 / 16,22381,2015-10-30 10:29:15:952
-0.9026,1.6724,10.8804,-0.7282,0.104,9.779,-0.1625,0.0464,0.2651,-22.6,-1.5,-44.7,90.61,-0.96,4.44,36.81413,-119.74787,263.92,336.7181468372709,0.54,19.35484,88.79,16 / 16,22484,2015-10-30 10:29:16:055
-1.2258,1.6724,10.6985,-0.7721,0.101,9.7757,0.0037,0.0147,0.2236,-22.6,1.0,-44.3,86.89,-0.59,4.52,36.81413,-119.74787,263.92,336.7181468372709,0.54,19.35484,88.79,16 / 16,22586,2015-10-30 10:29:16:157
-0.9361,1.9824,9.2859,-0.8146,0.3412,9.7668,0.3201,0.0049,0.2541,-22.7,2.0,-44.1,82.59,-1.99,4.77,36.81413,-119.74787,263.92,336.7181468372709,0.54,19.35484,88.79,16 / 16,22688,2015-10-30 10:29:16:259
-0.7386,1.8783,9.5229,-0.8036,0.6383,9.7528,0.1759,0.1246,0.0122,-22.7,2.2,-44.0,80.49,-3.34,4.72,36.81413,-119.74787,263.92,336.7181468372709,0.54,19.35484,88.79,16 / 16,22789,2015-10-30 10:29:16:360
-1.1109,0.7985,10.1706,-0.9221,0.9043,9.7212,0.1991,0.0929,-0.0293,-22.5,1.6,-44.2,77.72,-5.07,5.45,36.81413,-119.74787,263.92,336.7181468372709,0.54,19.35484,88.79,16 / 16,22891,2015-10-30 10:29:16:462
0.3938,0.9816,8.7233,-0.8403,1.1494,9.7027,0.4594,0.0171,0.0867,-22.5,0.8,-44.3,78.25,-5.97,4.99,36.81413,-119.74787,263.92,336.7181468372709,0.54,19.35484,88.79,16 / 16,22994,2015-10-30 10:29:16:565
-0.5148,0.5997,10.9188,-0.812,0.9342,9.7282,-0.0318,-0.0586,-0.3543,-22.5,0.3,-44.5,80.4,-5.9,4.73,36.81413,-119.74787,263.92,336.7181468372709,0.54,19.35484,88.79,16 / 16,23095,2015-10-30 10:29:16:666
-0.1903,1.0475,8.9016,-0.6868,0.816,9.7485,-0.182,-0.1759,-0.204,-22.7,-0.2,-44.1,82.16,-4.9,4.21,36.81413,-119.74787,263.92,336.7181468372709,0.54,19.35484,88.79,16 / 16,23197,2015-10-30 10:29:16:768
-1.0774,1.2198,8.594,-0.6464,0.7706,9.7549,-0.0904,-0.0745,-0.182,-23.0,-0.4,-43.9,82.34,-4.73,3.91,36.81413,-119.74787,263.92,336.7181468372709,0.54,19.35484,88.79,16 / 16,23299,2015-10-30 10:29:16:870
-0.3184,1.4724,8.4851,-0.5757,0.8652,9.7514,0.0428,-0.1014,0.0562,-23.3,-0.5,-43.7,82.11,-4.81,3.56,36.81413,-119.74787,263.92,336.7181468372709,0.54,19.35484,88.79,16 / 16,23401,2015-10-30 10:29:16:972
-0.7602,1.1768,10.4124,-0.557,1.0538,9.7339,0.2737,-0.0782,0.3225,-23.6,-0.7,-43.8,83.17,-5.64,3.42,36.81413,-119.74787,263.92,336.7181468372709,0.54,19.35484,88.79,16 / 16,23503,2015-10-30 10:29:17:074
-0.0419,0.0575,14.2156,-0.3478,1.0352,9.7457,-0.1772,-0.3543,0.1014,-23.9,-1.0,-43.7,82.08,-6.06,2.04,36.81413,-119.74787,263.92,336.7181468372709,0.54,19.35484,88.79,16 / 16,23606,2015-10-30 10:29:17:177
-0.2035,1.2558,7.4579,-0.471,0.9954,9.7446,0.1796,-0.4081,0.1979,-23.9,-0.8,-43.6,83.49,-5.34,2.83,36.81413,-119.74787,263.92,336.7181468372709,0.54,19.35484,88.79,16 / 16,23707,2015-10-30 10:29:17:278
-0.729,0.5555,9.5062,-0.3305,0.8123,9.7674,-0.0281,-0.1185,0.1148,-24.2,-0.4,-43.2,81.74,-5.0,1.84,36.81413,-119.74787,263.92,336.7181468372709,0.54,19.35484,88.79,16 / 16,23809,2015-10-30 10:29:17:380
-0.3795,1.1001,7.8446,-0.2254,1.0352,9.7493,0.3335,-0.0232,0.2004,-24.4,0.0,-43.0,80.72,-5.52,1.33,36.81413,-119.74787,263.92,336.7181468372709,0.54,19.35484,88.79,16 / 16,23912,2015-10-30 10:29:17:483
-0.7685,0.7207,9.5026,-0.205,1.1915,9.7318,0.1393,0.0757,-0.1258,-24.9,0.0,-42.7,79.0,-6.76,1.04,36.81413,-119.74787,263.92,336.7181468372709,0.54,19.35484,88.79,16 / 16,24014,2015-10-30 10:29:17:585
-0.4525,0.6069,10.3717,-0.2271,1.3269,9.7138,0.0367,0.0757,-0.0232,-24.9,-0.3,-42.8,78.05,-7.42,1.23,36.81413,-119.74787,263.92,336.7181468372709,0.54,19.35484,88.79,16 / 16,24115,2015-10-30 10:29:17:686
-1.6819,-0.7386,11.224,-0.2995,0.9629,9.7547,-0.7953,0.2859,-0.6646,-24.8,-1.0,-42.9,83.17,-5.63,1.76,36.81413,-119.74787,263.92,336.7181468372709,0.54,19.35484,88.79,16 / 16,24218,2015-10-30 10:29:17:789
-0.2035,0.1137,10.3465,-0.3333,0.9431,9.7555,-0.2993,-0.2199,-0.2676,-24.8,-1.2,-43.3,82.81,-5.94,2.15,36.81413,-119.74787,263.92,336.7181468372709,0.54,19.35484,88.79,16 / 16,24319,2015-10-30 10:29:17:890
-0.7171,0.814,7.8901,-0.3928,0.795,9.7665,-0.0892,-0.0916,0.1539,-24.7,-1.2,-43.3,84.77,-4.72,2.45,36.81413,-119.74787,263.92,336.7181468372709,0.54,19.35484,88.79,16 / 16,24421,2015-10-30 10:29:17:992
-0.2693,0.8727,8.7376,-0.3795,0.7311,9.772,-0.0134,0.0586,0.0134,-24.7,-1.0,-43.5,85.29,-4.35,2.13,36.81413,-119.74787,263.92,336.7181468372709,0.54,19.35484,88.79,16 / 16,24523,2015-10-30 10:29:18:094
-0.1987,0.972,10.3597,-0.472,0.8062,9.7621,0.171,0.0672,0.1466,-24.5,-0.7,-43.1,85.12,-4.41,2.68,36.81413,-119.74787,263.92,336.7181468372709,0.54,19.35484,88.79,16 / 16,24626,2015-10-30 10:29:18:197
-0.0551,-0.1101,9.4751,-0.3566,0.8907,9.7596,-0.2957,-0.325,-0.0806,-24.3,-0.7,-43.1,82.98,-5.74,2.61,36.81413,-119.74787,263.92,336.7181468372709,0.54,19.35484,88.79,16 / 16,24727,2015-10-30 10:29:18:298
-0.2993,0.7494,7.7955,-0.356,0.8104,9.7666,0.3494,-0.2896,0.441,-24.4,-0.3,-43.1,82.25,-4.74,2.09,36.81413,-119.74787,263.92,336.7181468372709,0.54,19.35484,88.79,16 / 16,24829,2015-10-30 10:29:18:400
-0.8727,0.0215,10.0533,-0.2025,0.7721,9.7741,-0.2627,-0.0403,0.0012,-24.6,-0.2,-43.1,81.31,-5.31,1.03,36.81413,-119.74787,263.92,336.7181468372709,0.54,19.35484,88.79,16 / 16,24931,2015-10-30 10:29:18:502
-0.5507,0.6285,8.8166,-0.1785,0.8445,9.7686,0.099,0.0269,0.0867,-25.0,0.2,-43.2,82.19,-4.76,1.02,36.81413,-119.74787,263.92,336.7181468372709,0.54,19.35484,88.79,16 / 16,25033,2015-10-30 10:29:18:604
-0.431,0.8068,8.6694,-0.2232,0.9465,9.7583,0.1307,-0.0147,-0.0672,-25.1,0.1,-43.1,81.59,-5.17,1.19,36.81413,-119.74787,263.92,336.7181468372709,0.54,19.35484,88.79,16 / 16,25135,2015-10-30 10:29:18:706
-0.5303,0.012,10.8374,-0.2033,1.0067,9.7527,0.0782,-0.022,-0.1955,-25.0,0.1,-43.2,80.44,-5.89,1.19,36.81413,-119.74787,263.92,336.7181468372709,0.54,19.35484,88.79,16 / 16,25237,2015-10-30 10:29:18:808
1.154,-0.4214,10.805,-0.203,0.9492,9.7585,-0.4166,-0.1466,-0.3054,-24.9,-0.3,-43.1,79.34,-6.64,1.39,36.81413,-119.74787,263.92,336.7181468372709,0.54,19.35484,88.79,16 / 16,25339,2015-10-30 10:29:18:910
0.644,0.3639,8.0816,-0.4737,1.1087,9.7323,0.1234,-0.2969,0.1417,-24.5,-1.0,-43.3,83.24,-5.65,3.01,36.81413,-119.74787,263.92,336.7181468372709,0.54,19.35484,88.79,16 / 16,25442,2015-10-30 10:29:19:013
-0.7302,0.2107,8.6431,-0.5034,0.9987,9.7427,0.1051,-0.0122,0.0024,-24.2,-1.7,-43.2,85.07,-5.85,2.96,36.81413,-119.74787,263.92,336.7181468372709,0.54,19.35484,88.79,16 / 16,25543,2015-10-30 10:29:19:114
-0.419,0.2789,9.1746,-0.58,1.0105,9.7372,-0.0635,0.1491,-0.0171,-23.9,-1.9,-43.4,85.07,-5.91,3.41,36.81413,-119.74787,263.92,336.7181468372709,0.54,19.35484,88.79,16 / 16,25646,2015-10-30 10:29:19:217
0.0108,0.2777,9.5744,-0.5548,0.9327,9.7464,-0.1002,-0.0574,0.0037,-23.8,-2.1,-43.4,85.27,-5.82,3.62,36.81413,-119.74787,263.92,336.7181468372709,0.54,19.35484,88.79,16 / 16,25748,2015-10-30 10:29:19:319
-0.6345,0.231,8.8621,-0.5705,0.9907,9.7398,-0.0061,-0.0024,0.0049,-23.6,-2.1,-43.9,85.73,-5.34,3.2,36.81413,-119.74787,263.92,336.7181468372709,0.54,19.35484,88.79,16 / 16,25849,2015-10-30 10:29:19:420
-0.7554,0.4369,9.5313,-0.5426,0.788,9.7599,-0.2859,-0.0525,0.011,-23.6,-2.2,-44.0,86.9,-4.61,3.18,36.81413,-119.74787,263.92,336.7181468372709,0.54,19.35484,88.79,16 / 16,25952,2015-10-30 10:29:19:523
-0.4441,0.6105,9.7971,-0.4734,0.5531,9.7796,-0.1429,-0.0403,0.0232,-23.7,-1.9,-43.6,88.21,-3.78,2.9,36.81413,-119.74787,263.92,336.7181468372709,0.54,19.35484,88.79,16 / 16,26054,2015-10-30 10:29:19:625
-0.4381,0.5004,9.9288,-0.452,0.4228,9.7871,-0.0892,-0.033,0.022,-23.9,-1.2,-43.0,87.88,-2.69,2.66,36.81413,-119.74787,263.92,336.7181468372709,0.54,19.35484,88.79,16 / 16,26155,2015-10-30 10:29:19:726
-0.3543,0.4836,9.5409,-0.3695,0.3941,9.7918,-0.0147,-0.1087,0.0257,-24.1,-0.6,-42.6,88.34,-2.38,2.3,36.81413,-119.74787,263.92,336.7181468372709,0.54,19.35484,88.79,16 / 16,26257,2015-10-30 10:29:19:828
-0.4693,0.4154,9.9168,-0.392,0.3142,9.7938,-0.0159,0.0134,0.0,-24.2,0.0,-42.3,87.04,-1.85,2.27,36.81413,-119.74787,263.92,336.7181468372709,0.54,19.35484,88.79,16 / 16,26359,2015-10-30 10:29:19:930
-0.4537,0.4322,9.7336,-0.3797,0.3371,9.7935,0.0183,0.0073,0.0318,-24.3,0.1,-42.5,86.99,-1.88,2.24,36.81413,-119.74787,263.92,336.7181468372709,0.54,19.35484,88.79,16 / 16,26462,2015-10-30 10:29:20:033
-0.3915,0.4046,9.7336,-0.3751,0.333,9.7938,-0.0061,-0.011,-0.0208,-24.4,0.3,-42.4,86.88,-1.95,2.19,36.81413,-119.74787,263.92,336.7181468372709,0.54,19.35484,88.79,16 / 16,26563,2015-10-30 10:29:20:134
-0.3879,0.3962,9.9359,-0.3591,0.3379,9.7942,-0.0098,-0.0195,-0.0342,-24.5,0.3,-42.7,86.73,-1.99,2.14,36.81413,-119.74787,263.92,336.7181468372709,0.54,19.35484,88.79,16 / 16,26666,2015-10-30 10:29:20:237
-0.5327,0.3555,8.2444,-0.3536,0.3705,9.7933,0.0232,0.0208,-0.022,-24.6,0.1,-42.8,86.74,-2.05,2.02,36.81413,-119.74787,263.92,336.7181468372709,0.54,19.35484,88.79,16 / 16,26767,2015-10-30 10:29:20:338
-0.2765,0.3663,9.7743,-0.2934,0.347,9.7961,-0.0098,-0.0318,-0.066,-24.6,0.0,-42.9,86.78,-2.0,1.57,36.81413,-119.74787,263.92,336.7181468372709,0.54,19.35484,88.79,16 / 16,26870,2015-10-30 10:29:20:441